"project","run","auc"
"acapa_Pacific","run_1",1
"acapa_Pacific","run_2",1
"acapa_Pacific","run_3",1
"acapa_Pacific","run_4",1
"acapa_Pacific","run_5",1
"acapa_Pacific","run_6",0.666666666666667
"acapa_Pacific","run_7",1
"acapa_Pacific","run_8",0.833333333333333
"acapa_Pacific","run_9",1
"acapa_Pacific","run_10",1
"acapa_Pacific","run_11",0.875
"acapa_Pacific","run_12",1
"acapa_Pacific","run_13",1
"acapa_Pacific","run_14",0.5
"acapa_Pacific","run_15",1
"acapa_Pacific","run_16",1
"acapa_Pacific","run_17",1
"acapa_Pacific","run_18",1
"acapa_Pacific","run_19",1
"acapa_Pacific","run_20",1
"acapa_Pacific","run_21",1
"acapa_Pacific","run_22",1
"acapa_Pacific","run_23",0.666666666666667
"acapa_Pacific","run_24",1
"acapa_Pacific","run_25",1
"acapa_Pacific","run_26",1
"acapa_Pacific","run_27",1
"acapa_Pacific","run_28",1
"acapa_Pacific","run_29",1
"acapa_Pacific","run_30",1
"acapa_Pacific","run_31",0.833333333333333
"acapa_Pacific","run_32",1
"acapa_Pacific","run_33",1
"acapa_Pacific","run_34",1
"acapa_Pacific","run_35",0.833333333333333
"acapa_Pacific","run_36",1
"acapa_Pacific","run_37",1
"acapa_Pacific","run_38",0.875
"acapa_Pacific","run_39",0.833333333333333
"acapa_Pacific","run_40",0.666666666666667
"acapa_Pacific","run_41",1
"acapa_Pacific","run_42",1
"acapa_Pacific","run_43",1
"acapa_Pacific","run_44",1
"acapa_Pacific","run_45",0.75
"acapa_Pacific","run_46",0.5
"acapa_Pacific","run_47",0.625
"acapa_Pacific","run_48",1
"acapa_Pacific","run_49",1
"acapa_Pacific","run_50",0.75
"arlequin_Pacific","run_1",0.9
"arlequin_Pacific","run_2",1
"arlequin_Pacific","run_3",0.833333333333333
"arlequin_Pacific","run_4",0.875
"arlequin_Pacific","run_5",0.833333333333333
"arlequin_Pacific","run_6",0.833333333333333
"arlequin_Pacific","run_7",0.916666666666667
"arlequin_Pacific","run_8",0.944444444444444
"arlequin_Pacific","run_9",1
"arlequin_Pacific","run_10",1
"arlequin_Pacific","run_11",0.96875
"arlequin_Pacific","run_12",0.888888888888889
"arlequin_Pacific","run_13",0.9375
"arlequin_Pacific","run_14",0.846153846153846
"arlequin_Pacific","run_15",0.907894736842105
"arlequin_Pacific","run_16",0.865384615384615
"arlequin_Pacific","run_17",0.9375
"arlequin_Pacific","run_18",0.8
"arlequin_Pacific","run_19",0.954545454545455
"arlequin_Pacific","run_20",0.928571428571429
"arlequin_Pacific","run_21",0.875
"arlequin_Pacific","run_22",0.9
"arlequin_Pacific","run_23",0.775
"arlequin_Pacific","run_24",0.833333333333333
"arlequin_Pacific","run_25",0.933333333333333
"arlequin_Pacific","run_26",0.973684210526316
"arlequin_Pacific","run_27",1
"arlequin_Pacific","run_28",0.923076923076923
"arlequin_Pacific","run_29",0.923076923076923
"arlequin_Pacific","run_30",0.823529411764706
"arlequin_Pacific","run_31",0.888888888888889
"arlequin_Pacific","run_32",0.916666666666667
"arlequin_Pacific","run_33",1
"arlequin_Pacific","run_34",0.901960784313725
"arlequin_Pacific","run_35",0.894736842105263
"arlequin_Pacific","run_36",0.964285714285714
"arlequin_Pacific","run_37",0.888888888888889
"arlequin_Pacific","run_38",0.90625
"arlequin_Pacific","run_39",0.933333333333333
"arlequin_Pacific","run_40",0.923076923076923
"arlequin_Pacific","run_41",1
"arlequin_Pacific","run_42",0.857142857142857
"arlequin_Pacific","run_43",0.909090909090909
"arlequin_Pacific","run_44",0.807692307692308
"arlequin_Pacific","run_45",0.9375
"arlequin_Pacific","run_46",1
"arlequin_Pacific","run_47",0.831932773109244
"arlequin_Pacific","run_48",0.863636363636364
"arlequin_Pacific","run_49",0.863636363636364
"arlequin_Pacific","run_50",0.923076923076923
"banakale_Orinoco","run_1",0.981132075471698
"banakale_Orinoco","run_2",1
"banakale_Orinoco","run_3",0.982456140350877
"banakale_Orinoco","run_4",0.938604651162791
"banakale_Orinoco","run_5",0.964830376595083
"banakale_Orinoco","run_6",1
"banakale_Orinoco","run_7",0.990909090909091
"banakale_Orinoco","run_8",0.969356872635561
"banakale_Orinoco","run_9",0.967217630853994
"banakale_Orinoco","run_10",1
"banakale_Orinoco","run_11",0.973684210526316
"banakale_Orinoco","run_12",0.95472027972028
"banakale_Orinoco","run_13",1
"banakale_Orinoco","run_14",0.973214285714286
"banakale_Orinoco","run_15",0.962278106508876
"banakale_Orinoco","run_16",0.991666666666667
"banakale_Orinoco","run_17",0.982142857142857
"banakale_Orinoco","run_18",0.992063492063492
"banakale_Orinoco","run_19",1
"banakale_Orinoco","run_20",0.990740740740741
"banakale_Orinoco","run_21",0.984126984126984
"banakale_Orinoco","run_22",0.964539007092199
"banakale_Orinoco","run_23",0.982251359130157
"banakale_Orinoco","run_24",0.961681547619048
"banakale_Orinoco","run_25",0.933664523670368
"banakale_Orinoco","run_26",0.990384615384615
"banakale_Orinoco","run_27",0.952672750977836
"banakale_Orinoco","run_28",0.992582417582418
"banakale_Orinoco","run_29",0.989583333333333
"banakale_Orinoco","run_30",0.973214285714286
"banakale_Orinoco","run_31",0.94432382133995
"banakale_Orinoco","run_32",0.981132075471698
"banakale_Orinoco","run_33",0.961588541666667
"banakale_Orinoco","run_34",0.981132075471698
"banakale_Orinoco","run_35",0.982142857142857
"banakale_Orinoco","run_36",0.983333333333333
"banakale_Orinoco","run_37",1
"banakale_Orinoco","run_38",0.973214285714286
"banakale_Orinoco","run_39",0.981818181818182
"banakale_Orinoco","run_40",0.982342657342657
"banakale_Orinoco","run_41",0.967391304347826
"banakale_Orinoco","run_42",0.982456140350877
"banakale_Orinoco","run_43",0.97449118046133
"banakale_Orinoco","run_44",0.990196078431373
"banakale_Orinoco","run_45",0.980580693815988
"banakale_Orinoco","run_46",0.974286563614744
"banakale_Orinoco","run_47",0.991228070175439
"banakale_Orinoco","run_48",1
"banakale_Orinoco","run_49",0.971006944444444
"banakale_Orinoco","run_50",1
"banco2_Andean","run_1",1
"banco2_Andean","run_2",1
"banco2_Andean","run_3",1
"banco2_Andean","run_4",0.777777777777778
"banco2_Andean","run_5",0.916666666666667
"banco2_Andean","run_6",0.854166666666667
"banco2_Andean","run_7",0.9375
"banco2_Andean","run_8",1
"banco2_Andean","run_9",0.9375
"banco2_Andean","run_10",1
"banco2_Andean","run_11",1
"banco2_Andean","run_12",1
"banco2_Andean","run_13",1
"banco2_Andean","run_14",1
"banco2_Andean","run_15",1
"banco2_Andean","run_16",0.9375
"banco2_Andean","run_17",1
"banco2_Andean","run_18",0.696428571428571
"banco2_Andean","run_19",0.9375
"banco2_Andean","run_20",0.857142857142857
"banco2_Andean","run_21",1
"banco2_Andean","run_22",0.83125
"banco2_Andean","run_23",0.916666666666667
"banco2_Andean","run_24",1
"banco2_Andean","run_25",1
"banco2_Andean","run_26",0.65625
"banco2_Andean","run_27",0.9
"banco2_Andean","run_28",0.875
"banco2_Andean","run_29",0.928571428571429
"banco2_Andean","run_30",0.944444444444444
"banco2_Andean","run_31",0.888888888888889
"banco2_Andean","run_32",1
"banco2_Andean","run_33",0.55
"banco2_Andean","run_34",0.928571428571429
"banco2_Andean","run_35",0.675
"banco2_Andean","run_36",1
"banco2_Andean","run_37",0.952380952380952
"banco2_Andean","run_38",0.958333333333333
"banco2_Andean","run_39",0.928571428571429
"banco2_Andean","run_40",1
"banco2_Andean","run_41",0.916666666666667
"banco2_Andean","run_42",1
"banco2_Andean","run_43",1
"banco2_Andean","run_44",0.611111111111111
"banco2_Andean","run_45",0.8
"banco2_Andean","run_46",1
"banco2_Andean","run_47",1
"banco2_Andean","run_48",1
"banco2_Andean","run_49",1
"banco2_Andean","run_50",0.866666666666667
"bc-y-bm_Pacific","run_1",0.888888888888889
"bc-y-bm_Pacific","run_2",0.9
"bc-y-bm_Pacific","run_3",0.868421052631579
"bc-y-bm_Pacific","run_4",0.958333333333333
"bc-y-bm_Pacific","run_5",1
"bc-y-bm_Pacific","run_6",1
"bc-y-bm_Pacific","run_7",0.96875
"bc-y-bm_Pacific","run_8",0.976190476190476
"bc-y-bm_Pacific","run_9",1
"bc-y-bm_Pacific","run_10",0.934782608695652
"bc-y-bm_Pacific","run_11",0.75
"bc-y-bm_Pacific","run_12",0.911764705882353
"bc-y-bm_Pacific","run_13",0.882352941176471
"bc-y-bm_Pacific","run_14",0.875
"bc-y-bm_Pacific","run_15",0.952380952380952
"bc-y-bm_Pacific","run_16",0.973684210526316
"bc-y-bm_Pacific","run_17",0.847826086956522
"bc-y-bm_Pacific","run_18",0.952380952380952
"bc-y-bm_Pacific","run_19",0.961538461538462
"bc-y-bm_Pacific","run_20",0.921052631578947
"bc-y-bm_Pacific","run_21",0.961538461538462
"bc-y-bm_Pacific","run_22",1
"bc-y-bm_Pacific","run_23",0.947368421052632
"bc-y-bm_Pacific","run_24",0.961538461538462
"bc-y-bm_Pacific","run_25",0.9
"bc-y-bm_Pacific","run_26",0.982142857142857
"bc-y-bm_Pacific","run_27",0.854341736694678
"bc-y-bm_Pacific","run_28",1
"bc-y-bm_Pacific","run_29",0.857142857142857
"bc-y-bm_Pacific","run_30",0.972222222222222
"bc-y-bm_Pacific","run_31",1
"bc-y-bm_Pacific","run_32",0.833333333333333
"bc-y-bm_Pacific","run_33",0.875
"bc-y-bm_Pacific","run_34",1
"bc-y-bm_Pacific","run_35",0.958333333333333
"bc-y-bm_Pacific","run_36",0.888888888888889
"bc-y-bm_Pacific","run_37",1
"bc-y-bm_Pacific","run_38",1
"bc-y-bm_Pacific","run_39",0.85
"bc-y-bm_Pacific","run_40",0.96875
"bc-y-bm_Pacific","run_41",0.892543859649123
"bc-y-bm_Pacific","run_42",0.978260869565217
"bc-y-bm_Pacific","run_43",0.842105263157895
"bc-y-bm_Pacific","run_44",0.973684210526316
"bc-y-bm_Pacific","run_45",0.861111111111111
"bc-y-bm_Pacific","run_46",0.888888888888889
"bc-y-bm_Pacific","run_47",0.888888888888889
"bc-y-bm_Pacific","run_48",0.909090909090909
"bc-y-bm_Pacific","run_49",0.884615384615385
"bc-y-bm_Pacific","run_50",0.928571428571429
"cajambre_Pacific","run_1",0.958333333333333
"cajambre_Pacific","run_2",0.9
"cajambre_Pacific","run_3",1
"cajambre_Pacific","run_4",0.923076923076923
"cajambre_Pacific","run_5",0.857142857142857
"cajambre_Pacific","run_6",0.925
"cajambre_Pacific","run_7",0.970588235294118
"cajambre_Pacific","run_8",0.84375
"cajambre_Pacific","run_9",0.9
"cajambre_Pacific","run_10",0.973684210526316
"cajambre_Pacific","run_11",1
"cajambre_Pacific","run_12",0.923076923076923
"cajambre_Pacific","run_13",1
"cajambre_Pacific","run_14",1
"cajambre_Pacific","run_15",0.928571428571429
"cajambre_Pacific","run_16",1
"cajambre_Pacific","run_17",1
"cajambre_Pacific","run_18",0.921052631578947
"cajambre_Pacific","run_19",0.884615384615385
"cajambre_Pacific","run_20",0.966666666666667
"cajambre_Pacific","run_21",1
"cajambre_Pacific","run_22",1
"cajambre_Pacific","run_23",0.9375
"cajambre_Pacific","run_24",0.837662337662338
"cajambre_Pacific","run_25",1
"cajambre_Pacific","run_26",0.867063492063492
"cajambre_Pacific","run_27",0.818181818181818
"cajambre_Pacific","run_28",0.766666666666667
"cajambre_Pacific","run_29",0.833333333333333
"cajambre_Pacific","run_30",0.785714285714286
"cajambre_Pacific","run_31",1
"cajambre_Pacific","run_32",1
"cajambre_Pacific","run_33",0.916666666666667
"cajambre_Pacific","run_34",1
"cajambre_Pacific","run_35",0.874074074074074
"cajambre_Pacific","run_36",1
"cajambre_Pacific","run_37",0.9375
"cajambre_Pacific","run_38",1
"cajambre_Pacific","run_39",0.975
"cajambre_Pacific","run_40",0.947368421052632
"cajambre_Pacific","run_41",1
"cajambre_Pacific","run_42",1
"cajambre_Pacific","run_43",0.857142857142857
"cajambre_Pacific","run_44",0.928921568627451
"cajambre_Pacific","run_45",1
"cajambre_Pacific","run_46",0.897435897435897
"cajambre_Pacific","run_47",0.933333333333333
"cajambre_Pacific","run_48",1
"cajambre_Pacific","run_49",1
"cajambre_Pacific","run_50",0.958333333333333
"carmen-darien_Pacific","run_1",1
"carmen-darien_Pacific","run_2",0.921875
"carmen-darien_Pacific","run_3",0.942307692307692
"carmen-darien_Pacific","run_4",0.95
"carmen-darien_Pacific","run_5",0.9375
"carmen-darien_Pacific","run_6",0.939149560117302
"carmen-darien_Pacific","run_7",0.951612903225806
"carmen-darien_Pacific","run_8",0.852434077079108
"carmen-darien_Pacific","run_9",0.897058823529412
"carmen-darien_Pacific","run_10",0.969947735191638
"carmen-darien_Pacific","run_11",0.926470588235294
"carmen-darien_Pacific","run_12",0.962962962962963
"carmen-darien_Pacific","run_13",0.883333333333333
"carmen-darien_Pacific","run_14",0.9
"carmen-darien_Pacific","run_15",0.93921568627451
"carmen-darien_Pacific","run_16",0.916666666666667
"carmen-darien_Pacific","run_17",0.915540540540541
"carmen-darien_Pacific","run_18",0.947285601888277
"carmen-darien_Pacific","run_19",0.875
"carmen-darien_Pacific","run_20",0.958333333333333
"carmen-darien_Pacific","run_21",0.911764705882353
"carmen-darien_Pacific","run_22",0.810931899641577
"carmen-darien_Pacific","run_23",0.931034482758621
"carmen-darien_Pacific","run_24",0.871428571428571
"carmen-darien_Pacific","run_25",0.935483870967742
"carmen-darien_Pacific","run_26",0.919354838709677
"carmen-darien_Pacific","run_27",0.965144230769231
"carmen-darien_Pacific","run_28",0.95
"carmen-darien_Pacific","run_29",0.913793103448276
"carmen-darien_Pacific","run_30",0.884615384615385
"carmen-darien_Pacific","run_31",0.945945945945946
"carmen-darien_Pacific","run_32",0.902777777777778
"carmen-darien_Pacific","run_33",0.925925925925926
"carmen-darien_Pacific","run_34",0.961538461538462
"carmen-darien_Pacific","run_35",0.780933062880325
"carmen-darien_Pacific","run_36",0.951612903225806
"carmen-darien_Pacific","run_37",0.921856639247944
"carmen-darien_Pacific","run_38",0.862068965517241
"carmen-darien_Pacific","run_39",0.85
"carmen-darien_Pacific","run_40",0.947690217391304
"carmen-darien_Pacific","run_41",0.897167487684729
"carmen-darien_Pacific","run_42",0.865800865800866
"carmen-darien_Pacific","run_43",0.953125
"carmen-darien_Pacific","run_44",0.819135802469136
"carmen-darien_Pacific","run_45",0.842078189300412
"carmen-darien_Pacific","run_46",0.893939393939394
"carmen-darien_Pacific","run_47",0.907407407407407
"carmen-darien_Pacific","run_48",0.90625
"carmen-darien_Pacific","run_49",0.92027027027027
"carmen-darien_Pacific","run_50",0.865384615384615
"choco-darien_Pacific","run_1",1
"choco-darien_Pacific","run_2",0.666666666666667
"choco-darien_Pacific","run_3",1
"choco-darien_Pacific","run_4",0.666666666666667
"choco-darien_Pacific","run_5",1
"choco-darien_Pacific","run_6",0.857142857142857
"choco-darien_Pacific","run_7",0.75
"choco-darien_Pacific","run_8",1
"choco-darien_Pacific","run_9",0.833333333333333
"choco-darien_Pacific","run_10",1
"choco-darien_Pacific","run_11",0.9
"choco-darien_Pacific","run_12",1
"choco-darien_Pacific","run_13",1
"choco-darien_Pacific","run_14",0.75
"choco-darien_Pacific","run_15",1
"choco-darien_Pacific","run_16",0.875
"choco-darien_Pacific","run_17",1
"choco-darien_Pacific","run_18",1
"choco-darien_Pacific","run_19",0.833333333333333
"choco-darien_Pacific","run_20",0.5
"choco-darien_Pacific","run_21",1
"choco-darien_Pacific","run_22",0.875
"choco-darien_Pacific","run_23",1
"choco-darien_Pacific","run_24",1
"choco-darien_Pacific","run_25",1
"choco-darien_Pacific","run_26",0.666666666666667
"choco-darien_Pacific","run_27",1
"choco-darien_Pacific","run_28",1
"choco-darien_Pacific","run_29",0.875
"choco-darien_Pacific","run_30",1
"choco-darien_Pacific","run_31",0.875
"choco-darien_Pacific","run_32",0.9
"choco-darien_Pacific","run_33",1
"choco-darien_Pacific","run_34",0.666666666666667
"choco-darien_Pacific","run_35",1
"choco-darien_Pacific","run_36",1
"choco-darien_Pacific","run_37",0.875
"choco-darien_Pacific","run_38",0.875
"choco-darien_Pacific","run_39",1
"choco-darien_Pacific","run_40",0.8
"choco-darien_Pacific","run_41",1
"choco-darien_Pacific","run_42",1
"choco-darien_Pacific","run_43",0.785714285714286
"choco-darien_Pacific","run_44",1
"choco-darien_Pacific","run_45",0.75
"choco-darien_Pacific","run_46",0.833333333333333
"choco-darien_Pacific","run_47",0.9
"choco-darien_Pacific","run_48",1
"choco-darien_Pacific","run_49",0.666666666666667
"choco-darien_Pacific","run_50",0.916666666666667
"cmari_Amazon","run_1",0.833333333333333
"cmari_Amazon","run_2",0.875
"cmari_Amazon","run_3",0.857142857142857
"cmari_Amazon","run_4",0.8
"cmari_Amazon","run_5",1
"cmari_Amazon","run_6",0.875
"cmari_Amazon","run_7",1
"cmari_Amazon","run_8",1
"cmari_Amazon","run_9",0.964285714285714
"cmari_Amazon","run_10",0.857142857142857
"cmari_Amazon","run_11",0.9625
"cmari_Amazon","run_12",0.916666666666667
"cmari_Amazon","run_13",1
"cmari_Amazon","run_14",0.75
"cmari_Amazon","run_15",0.833333333333333
"cmari_Amazon","run_16",0.833333333333333
"cmari_Amazon","run_17",1
"cmari_Amazon","run_18",1
"cmari_Amazon","run_19",0.916666666666667
"cmari_Amazon","run_20",0.857142857142857
"cmari_Amazon","run_21",1
"cmari_Amazon","run_22",0.7375
"cmari_Amazon","run_23",0.9
"cmari_Amazon","run_24",0.892857142857143
"cmari_Amazon","run_25",0.742857142857143
"cmari_Amazon","run_26",0.892857142857143
"cmari_Amazon","run_27",0.888888888888889
"cmari_Amazon","run_28",0.925
"cmari_Amazon","run_29",1
"cmari_Amazon","run_30",0.732142857142857
"cmari_Amazon","run_31",1
"cmari_Amazon","run_32",1
"cmari_Amazon","run_33",0.871428571428571
"cmari_Amazon","run_34",0.954545454545455
"cmari_Amazon","run_35",1
"cmari_Amazon","run_36",1
"cmari_Amazon","run_37",0.357142857142857
"cmari_Amazon","run_38",0.771428571428571
"cmari_Amazon","run_39",1
"cmari_Amazon","run_40",0.833333333333333
"cmari_Amazon","run_41",0.810606060606061
"cmari_Amazon","run_42",0.571428571428571
"cmari_Amazon","run_43",1
"cmari_Amazon","run_44",1
"cmari_Amazon","run_45",0.555555555555556
"cmari_Amazon","run_46",1
"cmari_Amazon","run_47",1
"cmari_Amazon","run_48",0.714285714285714
"cmari_Amazon","run_49",0.9
"cmari_Amazon","run_50",1
"co2-bio-fasei_Orinoco","run_1",0.727272727272727
"co2-bio-fasei_Orinoco","run_2",0.888888888888889
"co2-bio-fasei_Orinoco","run_3",1
"co2-bio-fasei_Orinoco","run_4",0.909090909090909
"co2-bio-fasei_Orinoco","run_5",0.823529411764706
"co2-bio-fasei_Orinoco","run_6",0.833333333333333
"co2-bio-fasei_Orinoco","run_7",0.909090909090909
"co2-bio-fasei_Orinoco","run_8",1
"co2-bio-fasei_Orinoco","run_9",0.888888888888889
"co2-bio-fasei_Orinoco","run_10",0.892857142857143
"co2-bio-fasei_Orinoco","run_11",0.888888888888889
"co2-bio-fasei_Orinoco","run_12",0.696296296296296
"co2-bio-fasei_Orinoco","run_13",0.875
"co2-bio-fasei_Orinoco","run_14",0.833333333333333
"co2-bio-fasei_Orinoco","run_15",0.833333333333333
"co2-bio-fasei_Orinoco","run_16",0.846153846153846
"co2-bio-fasei_Orinoco","run_17",1
"co2-bio-fasei_Orinoco","run_18",0.888888888888889
"co2-bio-fasei_Orinoco","run_19",0.9
"co2-bio-fasei_Orinoco","run_20",0.840909090909091
"co2-bio-fasei_Orinoco","run_21",1
"co2-bio-fasei_Orinoco","run_22",0.909090909090909
"co2-bio-fasei_Orinoco","run_23",0.75
"co2-bio-fasei_Orinoco","run_24",0.686868686868687
"co2-bio-fasei_Orinoco","run_25",0.745192307692308
"co2-bio-fasei_Orinoco","run_26",0.806818181818182
"co2-bio-fasei_Orinoco","run_27",0.909090909090909
"co2-bio-fasei_Orinoco","run_28",0.75
"co2-bio-fasei_Orinoco","run_29",0.9
"co2-bio-fasei_Orinoco","run_30",0.818181818181818
"co2-bio-fasei_Orinoco","run_31",0.8
"co2-bio-fasei_Orinoco","run_32",0.785714285714286
"co2-bio-fasei_Orinoco","run_33",0.75
"co2-bio-fasei_Orinoco","run_34",0.866666666666667
"co2-bio-fasei_Orinoco","run_35",0.714285714285714
"co2-bio-fasei_Orinoco","run_36",0.958333333333333
"co2-bio-fasei_Orinoco","run_37",1
"co2-bio-fasei_Orinoco","run_38",0.75
"co2-bio-fasei_Orinoco","run_39",0.915584415584416
"co2-bio-fasei_Orinoco","run_40",0.691919191919192
"co2-bio-fasei_Orinoco","run_41",0.733333333333333
"co2-bio-fasei_Orinoco","run_42",0.807692307692308
"co2-bio-fasei_Orinoco","run_43",0.963636363636364
"co2-bio-fasei_Orinoco","run_44",0.857142857142857
"co2-bio-fasei_Orinoco","run_45",0.944444444444444
"co2-bio-fasei_Orinoco","run_46",0.833333333333333
"co2-bio-fasei_Orinoco","run_47",0.753787878787879
"co2-bio-fasei_Orinoco","run_48",0.875
"co2-bio-fasei_Orinoco","run_49",0.798611111111111
"co2-bio-fasei_Orinoco","run_50",0.907142857142857
"co2bio-p2_Orinoco","run_1",0.754557291666667
"co2bio-p2_Orinoco","run_2",0.633333333333333
"co2bio-p2_Orinoco","run_3",0.95
"co2bio-p2_Orinoco","run_4",0.772727272727273
"co2bio-p2_Orinoco","run_5",0.686111111111111
"co2bio-p2_Orinoco","run_6",0.72
"co2bio-p2_Orinoco","run_7",0.769230769230769
"co2bio-p2_Orinoco","run_8",0.64
"co2bio-p2_Orinoco","run_9",0.727272727272727
"co2bio-p2_Orinoco","run_10",0.686813186813187
"co2bio-p2_Orinoco","run_11",0.720164609053498
"co2bio-p2_Orinoco","run_12",0.6
"co2bio-p2_Orinoco","run_13",0.672413793103448
"co2bio-p2_Orinoco","run_14",0.769230769230769
"co2bio-p2_Orinoco","run_15",0.906647116324536
"co2bio-p2_Orinoco","run_16",0.736111111111111
"co2bio-p2_Orinoco","run_17",0.76
"co2bio-p2_Orinoco","run_18",0.80952380952381
"co2bio-p2_Orinoco","run_19",0.827586206896552
"co2bio-p2_Orinoco","run_20",0.744791666666667
"co2bio-p2_Orinoco","run_21",0.694581280788177
"co2bio-p2_Orinoco","run_22",0.788461538461538
"co2bio-p2_Orinoco","run_23",0.76
"co2bio-p2_Orinoco","run_24",0.943722943722944
"co2bio-p2_Orinoco","run_25",0.681818181818182
"co2bio-p2_Orinoco","run_26",0.765277777777778
"co2bio-p2_Orinoco","run_27",0.660714285714286
"co2bio-p2_Orinoco","run_28",0.806451612903226
"co2bio-p2_Orinoco","run_29",0.90625
"co2bio-p2_Orinoco","run_30",0.8
"co2bio-p2_Orinoco","run_31",0.7
"co2bio-p2_Orinoco","run_32",0.751521298174442
"co2bio-p2_Orinoco","run_33",0.678571428571429
"co2bio-p2_Orinoco","run_34",0.683946488294314
"co2bio-p2_Orinoco","run_35",0.639632107023411
"co2bio-p2_Orinoco","run_36",0.857142857142857
"co2bio-p2_Orinoco","run_37",0.586206896551724
"co2bio-p2_Orinoco","run_38",0.760869565217391
"co2bio-p2_Orinoco","run_39",0.833333333333333
"co2bio-p2_Orinoco","run_40",0.717741935483871
"co2bio-p2_Orinoco","run_41",0.75
"co2bio-p2_Orinoco","run_42",0.810344827586207
"co2bio-p2_Orinoco","run_43",0.727272727272727
"co2bio-p2_Orinoco","run_44",0.770833333333333
"co2bio-p2_Orinoco","run_45",0.682795698924731
"co2bio-p2_Orinoco","run_46",0.625
"co2bio-p2_Orinoco","run_47",0.760869565217391
"co2bio-p2_Orinoco","run_48",0.739130434782609
"co2bio-p2_Orinoco","run_49",0.875
"co2bio-p2_Orinoco","run_50",0.777241379310345
"cocomacia_Pacific","run_1",1
"cocomacia_Pacific","run_2",1
"cocomacia_Pacific","run_3",1
"cocomacia_Pacific","run_4",1
"cocomacia_Pacific","run_5",0.833333333333333
"cocomacia_Pacific","run_6",0.5
"cocomacia_Pacific","run_7",1
"cocomacia_Pacific","run_8",1
"cocomacia_Pacific","run_9",1
"cocomacia_Pacific","run_10",0.833333333333333
"cocomacia_Pacific","run_11",1
"cocomacia_Pacific","run_12",1
"cocomacia_Pacific","run_13",0.55
"cocomacia_Pacific","run_14",0.833333333333333
"cocomacia_Pacific","run_15",1
"cocomacia_Pacific","run_16",0.875
"cocomacia_Pacific","run_17",1
"cocomacia_Pacific","run_18",1
"cocomacia_Pacific","run_19",1
"cocomacia_Pacific","run_20",1
"cocomacia_Pacific","run_21",1
"cocomacia_Pacific","run_22",1
"cocomacia_Pacific","run_23",1
"cocomacia_Pacific","run_24",0.75
"cocomacia_Pacific","run_25",1
"cocomacia_Pacific","run_26",0.9
"cocomacia_Pacific","run_27",0.666666666666667
"cocomacia_Pacific","run_28",0.777777777777778
"cocomacia_Pacific","run_29",1
"cocomacia_Pacific","run_30",1
"cocomacia_Pacific","run_31",0.8125
"cocomacia_Pacific","run_32",0.833333333333333
"cocomacia_Pacific","run_33",0.625
"cocomacia_Pacific","run_34",0.5
"cocomacia_Pacific","run_35",1
"cocomacia_Pacific","run_36",1
"cocomacia_Pacific","run_37",1
"cocomacia_Pacific","run_38",1
"cocomacia_Pacific","run_39",0.5
"cocomacia_Pacific","run_40",1
"cocomacia_Pacific","run_41",1
"cocomacia_Pacific","run_42",1
"cocomacia_Pacific","run_43",0.8
"cocomacia_Pacific","run_44",1
"cocomacia_Pacific","run_45",0.625
"cocomacia_Pacific","run_46",0.5
"cocomacia_Pacific","run_47",1
"cocomacia_Pacific","run_48",1
"cocomacia_Pacific","run_49",0.833333333333333
"cocomacia_Pacific","run_50",1
"cocoman-pacifi_Pacific","run_1",0.818181818181818
"cocoman-pacifi_Pacific","run_2",0.665680473372781
"cocoman-pacifi_Pacific","run_3",0.964285714285714
"cocoman-pacifi_Pacific","run_4",0.909090909090909
"cocoman-pacifi_Pacific","run_5",0.8125
"cocoman-pacifi_Pacific","run_6",0.928571428571429
"cocoman-pacifi_Pacific","run_7",0.9
"cocoman-pacifi_Pacific","run_8",1
"cocoman-pacifi_Pacific","run_9",0.777777777777778
"cocoman-pacifi_Pacific","run_10",0.857142857142857
"cocoman-pacifi_Pacific","run_11",0.916666666666667
"cocoman-pacifi_Pacific","run_12",0.958333333333333
"cocoman-pacifi_Pacific","run_13",0.909090909090909
"cocoman-pacifi_Pacific","run_14",0.8
"cocoman-pacifi_Pacific","run_15",0.875
"cocoman-pacifi_Pacific","run_16",0.882352941176471
"cocoman-pacifi_Pacific","run_17",1
"cocoman-pacifi_Pacific","run_18",0.84765625
"cocoman-pacifi_Pacific","run_19",0.888888888888889
"cocoman-pacifi_Pacific","run_20",0.8
"cocoman-pacifi_Pacific","run_21",0.875
"cocoman-pacifi_Pacific","run_22",0.863636363636364
"cocoman-pacifi_Pacific","run_23",0.95
"cocoman-pacifi_Pacific","run_24",0.8
"cocoman-pacifi_Pacific","run_25",1
"cocoman-pacifi_Pacific","run_26",0.882142857142857
"cocoman-pacifi_Pacific","run_27",0.9
"cocoman-pacifi_Pacific","run_28",0.8125
"cocoman-pacifi_Pacific","run_29",0.857142857142857
"cocoman-pacifi_Pacific","run_30",0.9
"cocoman-pacifi_Pacific","run_31",0.826923076923077
"cocoman-pacifi_Pacific","run_32",0.9375
"cocoman-pacifi_Pacific","run_33",1
"cocoman-pacifi_Pacific","run_34",1
"cocoman-pacifi_Pacific","run_35",0.857142857142857
"cocoman-pacifi_Pacific","run_36",0.878472222222222
"cocoman-pacifi_Pacific","run_37",0.886363636363636
"cocoman-pacifi_Pacific","run_38",1
"cocoman-pacifi_Pacific","run_39",1
"cocoman-pacifi_Pacific","run_40",0.9
"cocoman-pacifi_Pacific","run_41",0.9375
"cocoman-pacifi_Pacific","run_42",0.846153846153846
"cocoman-pacifi_Pacific","run_43",1
"cocoman-pacifi_Pacific","run_44",0.894230769230769
"cocoman-pacifi_Pacific","run_45",0.85
"cocoman-pacifi_Pacific","run_46",0.8
"cocoman-pacifi_Pacific","run_47",0.857142857142857
"cocoman-pacifi_Pacific","run_48",0.777777777777778
"cocoman-pacifi_Pacific","run_49",0.923076923076923
"cocoman-pacifi_Pacific","run_50",0.769230769230769
"cocoman_Andean","run_1",0.972222222222222
"cocoman_Andean","run_2",1
"cocoman_Andean","run_3",0.961538461538462
"cocoman_Andean","run_4",0.881481481481482
"cocoman_Andean","run_5",0.98
"cocoman_Andean","run_6",0.916666666666667
"cocoman_Andean","run_7",0.976190476190476
"cocoman_Andean","run_8",0.868421052631579
"cocoman_Andean","run_9",0.954545454545455
"cocoman_Andean","run_10",0.933333333333333
"cocoman_Andean","run_11",0.916666666666667
"cocoman_Andean","run_12",0.966666666666667
"cocoman_Andean","run_13",1
"cocoman_Andean","run_14",0.889285714285714
"cocoman_Andean","run_15",0.970588235294118
"cocoman_Andean","run_16",1
"cocoman_Andean","run_17",0.970588235294118
"cocoman_Andean","run_18",0.978260869565217
"cocoman_Andean","run_19",1
"cocoman_Andean","run_20",0.8828125
"cocoman_Andean","run_21",0.894736842105263
"cocoman_Andean","run_22",1
"cocoman_Andean","run_23",1
"cocoman_Andean","run_24",0.970588235294118
"cocoman_Andean","run_25",0.868421052631579
"cocoman_Andean","run_26",0.972222222222222
"cocoman_Andean","run_27",1
"cocoman_Andean","run_28",0.96875
"cocoman_Andean","run_29",0.940217391304348
"cocoman_Andean","run_30",1
"cocoman_Andean","run_31",1
"cocoman_Andean","run_32",1
"cocoman_Andean","run_33",1
"cocoman_Andean","run_34",0.944444444444444
"cocoman_Andean","run_35",0.956709956709957
"cocoman_Andean","run_36",0.975961538461538
"cocoman_Andean","run_37",1
"cocoman_Andean","run_38",0.975
"cocoman_Andean","run_39",0.972426470588235
"cocoman_Andean","run_40",0.961538461538462
"cocoman_Andean","run_41",0.885416666666667
"cocoman_Andean","run_42",1
"cocoman_Andean","run_43",1
"cocoman_Andean","run_44",0.952380952380952
"cocoman_Andean","run_45",0.944444444444444
"cocoman_Andean","run_46",0.970588235294118
"cocoman_Andean","run_47",1
"cocoman_Andean","run_48",0.90625
"cocoman_Andean","run_49",1
"cocoman_Andean","run_50",0.94
"concosta_Pacific","run_1",1
"concosta_Pacific","run_2",1
"concosta_Pacific","run_3",1
"concosta_Pacific","run_4",0.964285714285714
"concosta_Pacific","run_5",1
"concosta_Pacific","run_6",1
"concosta_Pacific","run_7",1
"concosta_Pacific","run_8",1
"concosta_Pacific","run_9",1
"concosta_Pacific","run_10",1
"concosta_Pacific","run_11",0.973684210526316
"concosta_Pacific","run_12",1
"concosta_Pacific","run_13",1
"concosta_Pacific","run_14",1
"concosta_Pacific","run_15",1
"concosta_Pacific","run_16",1
"concosta_Pacific","run_17",0.898190045248869
"concosta_Pacific","run_18",1
"concosta_Pacific","run_19",1
"concosta_Pacific","run_20",1
"concosta_Pacific","run_21",0.96875
"concosta_Pacific","run_22",1
"concosta_Pacific","run_23",1
"concosta_Pacific","run_24",1
"concosta_Pacific","run_25",1
"concosta_Pacific","run_26",1
"concosta_Pacific","run_27",0.958333333333333
"concosta_Pacific","run_28",1
"concosta_Pacific","run_29",1
"concosta_Pacific","run_30",0.970588235294118
"concosta_Pacific","run_31",0.972222222222222
"concosta_Pacific","run_32",1
"concosta_Pacific","run_33",0.973684210526316
"concosta_Pacific","run_34",1
"concosta_Pacific","run_35",0.96875
"concosta_Pacific","run_36",1
"concosta_Pacific","run_37",0.976190476190476
"concosta_Pacific","run_38",1
"concosta_Pacific","run_39",1
"concosta_Pacific","run_40",1
"concosta_Pacific","run_41",1
"concosta_Pacific","run_42",1
"concosta_Pacific","run_43",1
"concosta_Pacific","run_44",0.928571428571429
"concosta_Pacific","run_45",1
"concosta_Pacific","run_46",1
"concosta_Pacific","run_47",1
"concosta_Pacific","run_48",1
"concosta_Pacific","run_49",0.954545454545455
"concosta_Pacific","run_50",0.96875
"corpochivor_Andean","run_1",1
"corpochivor_Andean","run_2",0.5
"corpochivor_Andean","run_3",1
"corpochivor_Andean","run_4",1
"corpochivor_Andean","run_5",1
"crima-pred-putumay_Amazon","run_1",0.8
"crima-pred-putumay_Amazon","run_2",1
"crima-pred-putumay_Amazon","run_3",0.666666666666667
"crima-pred-putumay_Amazon","run_4",1
"crima-pred-putumay_Amazon","run_5",0.5
"crima-pred-putumay_Amazon","run_6",0.75
"crima-pred-putumay_Amazon","run_7",0.5
"crima-pred-putumay_Amazon","run_8",1
"crima-pred-putumay_Amazon","run_9",0.666666666666667
"crima-pred-putumay_Amazon","run_10",0.642857142857143
"crima-pred-putumay_Amazon","run_11",0.875
"crima-pred-putumay_Amazon","run_12",1
"crima-pred-putumay_Amazon","run_13",0.6
"crima-pred-putumay_Amazon","run_14",0.566666666666667
"crima-pred-putumay_Amazon","run_15",0.666666666666667
"crima-pred-putumay_Amazon","run_16",0.75
"crima-pred-putumay_Amazon","run_17",1
"crima-pred-putumay_Amazon","run_18",0.5
"crima-pred-putumay_Amazon","run_19",0.833333333333333
"crima-pred-putumay_Amazon","run_20",1
"crima-pred-putumay_Amazon","run_21",1
"crima-pred-putumay_Amazon","run_22",0.625
"crima-pred-putumay_Amazon","run_23",0.625
"crima-pred-putumay_Amazon","run_24",0.525
"crima-pred-putumay_Amazon","run_25",0.625
"crima-pred-putumay_Amazon","run_26",0.833333333333333
"crima-pred-putumay_Amazon","run_27",1
"crima-pred-putumay_Amazon","run_28",0.9
"crima-pred-putumay_Amazon","run_29",0.714285714285714
"crima-pred-putumay_Amazon","run_30",0.5
"crima-pred-putumay_Amazon","run_31",1
"crima-pred-putumay_Amazon","run_32",1
"crima-pred-putumay_Amazon","run_33",0.75
"crima-pred-putumay_Amazon","run_34",0.5
"crima-pred-putumay_Amazon","run_35",0.708333333333333
"crima-pred-putumay_Amazon","run_36",0.5
"crima-pred-putumay_Amazon","run_37",0.6
"crima-pred-putumay_Amazon","run_38",0.75
"crima-pred-putumay_Amazon","run_39",0.7
"crima-pred-putumay_Amazon","run_40",0.7
"crima-pred-putumay_Amazon","run_41",0.875
"crima-pred-putumay_Amazon","run_42",1
"crima-pred-putumay_Amazon","run_43",0.457142857142857
"crima-pred-putumay_Amazon","run_44",1
"crima-pred-putumay_Amazon","run_45",0.5
"crima-pred-putumay_Amazon","run_46",0.625
"crima-pred-putumay_Amazon","run_47",0.7
"crima-pred-putumay_Amazon","run_48",0.857142857142857
"crima-pred-putumay_Amazon","run_49",0.65
"crima-pred-putumay_Amazon","run_50",0.5
"dabucury_Amazon","run_1",0.925629290617849
"dabucury_Amazon","run_2",0.977272727272727
"dabucury_Amazon","run_3",0.923611111111111
"dabucury_Amazon","run_4",1
"dabucury_Amazon","run_5",1
"dabucury_Amazon","run_6",0.957427536231884
"dabucury_Amazon","run_7",0.976190476190476
"dabucury_Amazon","run_8",0.958333333333333
"dabucury_Amazon","run_9",0.948611111111111
"dabucury_Amazon","run_10",0.977272727272727
"dabucury_Amazon","run_11",0.98
"dabucury_Amazon","run_12",0.958041958041958
"dabucury_Amazon","run_13",0.981481481481481
"dabucury_Amazon","run_14",0.977272727272727
"dabucury_Amazon","run_15",0.978260869565217
"dabucury_Amazon","run_16",0.970588235294118
"dabucury_Amazon","run_17",1
"dabucury_Amazon","run_18",1
"dabucury_Amazon","run_19",0.975
"dabucury_Amazon","run_20",0.927272727272727
"dabucury_Amazon","run_21",0.977272727272727
"dabucury_Amazon","run_22",1
"dabucury_Amazon","run_23",0.98
"dabucury_Amazon","run_24",0.975
"dabucury_Amazon","run_25",0.952380952380952
"dabucury_Amazon","run_26",0.979166666666667
"dabucury_Amazon","run_27",0.903198653198653
"dabucury_Amazon","run_28",0.975877192982456
"dabucury_Amazon","run_29",1
"dabucury_Amazon","run_30",0.973684210526316
"dabucury_Amazon","run_31",0.976190476190476
"dabucury_Amazon","run_32",0.925
"dabucury_Amazon","run_33",1
"dabucury_Amazon","run_34",0.978260869565217
"dabucury_Amazon","run_35",0.976190476190476
"dabucury_Amazon","run_36",0.979166666666667
"dabucury_Amazon","run_37",0.952546296296296
"dabucury_Amazon","run_38",0.914529914529915
"dabucury_Amazon","run_39",0.980769230769231
"dabucury_Amazon","run_40",0.978260869565217
"dabucury_Amazon","run_41",0.977272727272727
"dabucury_Amazon","run_42",0.96875
"dabucury_Amazon","run_43",0.979166666666667
"dabucury_Amazon","run_44",0.983870967741935
"dabucury_Amazon","run_45",1
"dabucury_Amazon","run_46",0.976190476190476
"dabucury_Amazon","run_47",0.976190476190476
"dabucury_Amazon","run_48",1
"dabucury_Amazon","run_49",1
"dabucury_Amazon","run_50",0.974696356275304
"delfines_Pacific","run_1",0.714285714285714
"delfines_Pacific","run_2",1
"delfines_Pacific","run_3",0.954545454545455
"delfines_Pacific","run_4",0.928571428571429
"delfines_Pacific","run_5",1
"delfines_Pacific","run_6",0.857142857142857
"delfines_Pacific","run_7",0.95
"delfines_Pacific","run_8",0.916666666666667
"delfines_Pacific","run_9",0.736363636363636
"delfines_Pacific","run_10",0.9
"delfines_Pacific","run_11",0.944444444444444
"delfines_Pacific","run_12",0.8125
"delfines_Pacific","run_13",0.954545454545455
"delfines_Pacific","run_14",1
"delfines_Pacific","run_15",1
"delfines_Pacific","run_16",0.966666666666667
"delfines_Pacific","run_17",0.909090909090909
"delfines_Pacific","run_18",0.916666666666667
"delfines_Pacific","run_19",1
"delfines_Pacific","run_20",0.866071428571428
"delfines_Pacific","run_21",1
"delfines_Pacific","run_22",1
"delfines_Pacific","run_23",0.857142857142857
"delfines_Pacific","run_24",1
"delfines_Pacific","run_25",0.9
"delfines_Pacific","run_26",1
"delfines_Pacific","run_27",0.78125
"delfines_Pacific","run_28",0.964285714285714
"delfines_Pacific","run_29",0.653846153846154
"delfines_Pacific","run_30",0.909090909090909
"delfines_Pacific","run_31",0.9375
"delfines_Pacific","run_32",0.85
"delfines_Pacific","run_33",0.9
"delfines_Pacific","run_34",0.8125
"delfines_Pacific","run_35",0.866666666666667
"delfines_Pacific","run_36",1
"delfines_Pacific","run_37",0.944444444444444
"delfines_Pacific","run_38",1
"delfines_Pacific","run_39",0.784090909090909
"delfines_Pacific","run_40",0.928571428571429
"delfines_Pacific","run_41",0.889880952380952
"delfines_Pacific","run_42",0.734567901234568
"delfines_Pacific","run_43",0.8125
"delfines_Pacific","run_44",0.818181818181818
"delfines_Pacific","run_45",0.875
"delfines_Pacific","run_46",0.916666666666667
"delfines_Pacific","run_47",0.958333333333333
"delfines_Pacific","run_48",0.764705882352941
"delfines_Pacific","run_49",0.785714285714286
"delfines_Pacific","run_50",0.75
"el-tigre_Orinoco","run_1",1
"el-tigre_Orinoco","run_2",0.958333333333333
"el-tigre_Orinoco","run_3",0.958333333333333
"el-tigre_Orinoco","run_4",0.9
"el-tigre_Orinoco","run_5",0.961538461538462
"el-tigre_Orinoco","run_6",1
"el-tigre_Orinoco","run_7",0.875
"el-tigre_Orinoco","run_8",1
"el-tigre_Orinoco","run_9",0.9
"el-tigre_Orinoco","run_10",1
"el-tigre_Orinoco","run_11",0.923076923076923
"el-tigre_Orinoco","run_12",0.961538461538462
"el-tigre_Orinoco","run_13",1
"el-tigre_Orinoco","run_14",1
"el-tigre_Orinoco","run_15",1
"el-tigre_Orinoco","run_16",1
"el-tigre_Orinoco","run_17",1
"el-tigre_Orinoco","run_18",0.892857142857143
"el-tigre_Orinoco","run_19",0.947368421052632
"el-tigre_Orinoco","run_20",1
"el-tigre_Orinoco","run_21",1
"el-tigre_Orinoco","run_22",1
"el-tigre_Orinoco","run_23",0.833333333333333
"el-tigre_Orinoco","run_24",0.928571428571429
"el-tigre_Orinoco","run_25",0.9
"el-tigre_Orinoco","run_26",1
"el-tigre_Orinoco","run_27",1
"el-tigre_Orinoco","run_28",0.933333333333333
"el-tigre_Orinoco","run_29",0.9
"el-tigre_Orinoco","run_30",0.857142857142857
"el-tigre_Orinoco","run_31",0.947368421052632
"el-tigre_Orinoco","run_32",0.923076923076923
"el-tigre_Orinoco","run_33",1
"el-tigre_Orinoco","run_34",0.933333333333333
"el-tigre_Orinoco","run_35",0.9375
"el-tigre_Orinoco","run_36",0.884615384615385
"el-tigre_Orinoco","run_37",1
"el-tigre_Orinoco","run_38",0.928571428571429
"el-tigre_Orinoco","run_39",1
"el-tigre_Orinoco","run_40",0.892857142857143
"el-tigre_Orinoco","run_41",1
"el-tigre_Orinoco","run_42",0.933333333333333
"el-tigre_Orinoco","run_43",1
"el-tigre_Orinoco","run_44",0.9
"el-tigre_Orinoco","run_45",1
"el-tigre_Orinoco","run_46",0.9375
"el-tigre_Orinoco","run_47",0.961538461538462
"el-tigre_Orinoco","run_48",0.909090909090909
"el-tigre_Orinoco","run_49",1
"el-tigre_Orinoco","run_50",1
"galilea_Andean","run_1",0.8125
"galilea_Andean","run_2",1
"galilea_Andean","run_3",0.916666666666667
"galilea_Andean","run_4",0.9
"galilea_Andean","run_5",1
"galilea_Andean","run_6",1
"galilea_Andean","run_7",0.944444444444444
"galilea_Andean","run_8",0.9375
"galilea_Andean","run_9",0.95
"galilea_Andean","run_10",0.916666666666667
"galilea_Andean","run_11",0.888888888888889
"galilea_Andean","run_12",1
"galilea_Andean","run_13",1
"galilea_Andean","run_14",0.95
"galilea_Andean","run_15",1
"galilea_Andean","run_16",1
"galilea_Andean","run_17",0.954545454545455
"galilea_Andean","run_18",0.888888888888889
"galilea_Andean","run_19",0.9375
"galilea_Andean","run_20",1
"galilea_Andean","run_21",0.96875
"galilea_Andean","run_22",1
"galilea_Andean","run_23",1
"galilea_Andean","run_24",0.827272727272727
"galilea_Andean","run_25",0.888888888888889
"galilea_Andean","run_26",1
"galilea_Andean","run_27",0.944444444444444
"galilea_Andean","run_28",0.9375
"galilea_Andean","run_29",0.9375
"galilea_Andean","run_30",0.875
"galilea_Andean","run_31",1
"galilea_Andean","run_32",0.833333333333333
"galilea_Andean","run_33",0.954545454545455
"galilea_Andean","run_34",0.916666666666667
"galilea_Andean","run_35",1
"galilea_Andean","run_36",1
"galilea_Andean","run_37",0.747474747474747
"galilea_Andean","run_38",1
"galilea_Andean","run_39",0.863636363636364
"galilea_Andean","run_40",0.785714285714286
"galilea_Andean","run_41",0.966666666666667
"galilea_Andean","run_42",0.871212121212121
"galilea_Andean","run_43",1
"galilea_Andean","run_44",0.75
"galilea_Andean","run_45",0.961538461538462
"galilea_Andean","run_46",1
"galilea_Andean","run_47",1
"galilea_Andean","run_48",0.944444444444444
"galilea_Andean","run_49",0.9
"galilea_Andean","run_50",0.818181818181818
"guacharos_Andean","run_1",0.95822994210091
"guacharos_Andean","run_2",0.9125
"guacharos_Andean","run_3",0.973684210526316
"guacharos_Andean","run_4",0.954545454545455
"guacharos_Andean","run_5",0.946428571428571
"guacharos_Andean","run_6",0.85
"guacharos_Andean","run_7",0.96551724137931
"guacharos_Andean","run_8",0.929330065359477
"guacharos_Andean","run_9",0.941176470588235
"guacharos_Andean","run_10",0.962962962962963
"guacharos_Andean","run_11",0.878700657894737
"guacharos_Andean","run_12",0.982758620689655
"guacharos_Andean","run_13",0.940692640692641
"guacharos_Andean","run_14",0.984375
"guacharos_Andean","run_15",0.947398190045249
"guacharos_Andean","run_16",0.972222222222222
"guacharos_Andean","run_17",0.943284936479129
"guacharos_Andean","run_18",0.921052631578947
"guacharos_Andean","run_19",0.894144144144144
"guacharos_Andean","run_20",0.888888888888889
"guacharos_Andean","run_21",0.967741935483871
"guacharos_Andean","run_22",0.936979166666667
"guacharos_Andean","run_23",0.901075268817204
"guacharos_Andean","run_24",0.908602150537634
"guacharos_Andean","run_25",0.931034482758621
"guacharos_Andean","run_26",0.964285714285714
"guacharos_Andean","run_27",0.972222222222222
"guacharos_Andean","run_28",1
"guacharos_Andean","run_29",0.931165540540541
"guacharos_Andean","run_30",0.961481481481481
"guacharos_Andean","run_31",0.914285714285714
"guacharos_Andean","run_32",0.888888888888889
"guacharos_Andean","run_33",0.936461794019934
"guacharos_Andean","run_34",0.967857142857143
"guacharos_Andean","run_35",0.903225806451613
"guacharos_Andean","run_36",0.96273106738223
"guacharos_Andean","run_37",0.975
"guacharos_Andean","run_38",0.928571428571429
"guacharos_Andean","run_39",0.935294117647059
"guacharos_Andean","run_40",0.923076923076923
"guacharos_Andean","run_41",0.983333333333333
"guacharos_Andean","run_42",0.93890977443609
"guacharos_Andean","run_43",0.880324543610548
"guacharos_Andean","run_44",0.926470588235294
"guacharos_Andean","run_45",0.961484593837535
"guacharos_Andean","run_46",0.96875
"guacharos_Andean","run_47",0.953125
"guacharos_Andean","run_48",0.909090909090909
"guacharos_Andean","run_49",0.93844696969697
"guacharos_Andean","run_50",0.943181818181818
"kaliawiri_Amazon","run_1",1
"kaliawiri_Amazon","run_2",0.75
"kaliawiri_Amazon","run_3",1
"kaliawiri_Amazon","run_4",1
"kaliawiri_Amazon","run_5",0.75
"kaliawiri_Amazon","run_6",1
"kaliawiri_Amazon","run_7",1
"kaliawiri_Amazon","run_8",0.75
"kaliawiri_Amazon","run_9",0.666666666666667
"kaliawiri_Amazon","run_10",0.625
"kaliawiri_Amazon","run_11",0.5
"kaliawiri_Amazon","run_12",1
"kaliawiri_Amazon","run_13",0.5
"kaliawiri_Amazon","run_14",1
"kaliawiri_Amazon","run_15",0.5
"kaliawiri_Amazon","run_16",1
"kaliawiri_Amazon","run_17",0.75
"kaliawiri_Amazon","run_18",1
"kaliawiri_Amazon","run_19",0.833333333333333
"kaliawiri_Amazon","run_20",1
"kaliawiri_Amazon","run_21",0.875
"kaliawiri_Amazon","run_22",0.5
"kaliawiri_Amazon","run_23",1
"kaliawiri_Amazon","run_24",1
"kaliawiri_Amazon","run_25",1
"kaliawiri_Amazon","run_26",0.666666666666667
"kaliawiri_Amazon","run_27",1
"kaliawiri_Amazon","run_28",0.75
"kaliawiri_Amazon","run_29",1
"kaliawiri_Amazon","run_30",0.5
"kaliawiri_Amazon","run_31",0.666666666666667
"kaliawiri_Amazon","run_32",1
"kaliawiri_Amazon","run_33",0.666666666666667
"kaliawiri_Amazon","run_34",0.666666666666667
"kaliawiri_Amazon","run_35",0.666666666666667
"kaliawiri_Amazon","run_36",1
"kaliawiri_Amazon","run_37",1
"kaliawiri_Amazon","run_38",1
"kaliawiri_Amazon","run_39",0.666666666666667
"kaliawiri_Amazon","run_40",1
"kaliawiri_Amazon","run_41",0.333333333333333
"kaliawiri_Amazon","run_42",0.833333333333333
"kaliawiri_Amazon","run_43",0.75
"kaliawiri_Amazon","run_44",0.5
"kaliawiri_Amazon","run_45",1
"kaliawiri_Amazon","run_46",0.5
"kaliawiri_Amazon","run_47",1
"kaliawiri_Amazon","run_48",0.833333333333333
"kaliawiri_Amazon","run_49",0.6
"kaliawiri_Amazon","run_50",1
"magnolios_Andean","run_1",1
"magnolios_Andean","run_2",0.875
"magnolios_Andean","run_3",0.666666666666667
"magnolios_Andean","run_4",1
"magnolios_Andean","run_5",0.833333333333333
"magnolios_Andean","run_6",0.75
"magnolios_Andean","run_7",0.75
"magnolios_Andean","run_8",1
"magnolios_Andean","run_9",0.555555555555555
"magnolios_Andean","run_10",0.75
"magnolios_Andean","run_11",0.625
"magnolios_Andean","run_12",0.75
"magnolios_Andean","run_13",1
"magnolios_Andean","run_14",0.9
"magnolios_Andean","run_15",1
"magnolios_Andean","run_16",0.666666666666667
"magnolios_Andean","run_17",1
"magnolios_Andean","run_18",0.833333333333333
"magnolios_Andean","run_19",0.5
"magnolios_Andean","run_20",0.75
"magnolios_Andean","run_21",1
"magnolios_Andean","run_22",0.666666666666667
"magnolios_Andean","run_23",1
"magnolios_Andean","run_24",0.75
"magnolios_Andean","run_25",1
"magnolios_Andean","run_26",1
"magnolios_Andean","run_27",1
"magnolios_Andean","run_28",0.666666666666667
"magnolios_Andean","run_29",0.75
"magnolios_Andean","run_30",0.6
"magnolios_Andean","run_31",0.6
"magnolios_Andean","run_32",0.5
"magnolios_Andean","run_33",0.75
"magnolios_Andean","run_34",0.666666666666667
"magnolios_Andean","run_35",0.75
"magnolios_Andean","run_36",0.666666666666667
"magnolios_Andean","run_37",0.666666666666667
"magnolios_Andean","run_38",1
"magnolios_Andean","run_39",1
"magnolios_Andean","run_40",0.875
"magnolios_Andean","run_41",1
"magnolios_Andean","run_42",1
"magnolios_Andean","run_43",1
"magnolios_Andean","run_44",1
"magnolios_Andean","run_45",0.75
"magnolios_Andean","run_46",1
"magnolios_Andean","run_47",1
"magnolios_Andean","run_48",1
"magnolios_Andean","run_49",1
"magnolios_Andean","run_50",1
"monocha_Amazon","run_1",1
"monocha_Amazon","run_2",1
"monocha_Amazon","run_3",0.833333333333333
"monocha_Amazon","run_4",0.75
"monocha_Amazon","run_5",1
"monocha_Amazon","run_6",1
"monocha_Amazon","run_7",1
"monocha_Amazon","run_8",1
"monocha_Amazon","run_9",1
"monocha_Amazon","run_10",1
"monocha_Amazon","run_11",1
"monocha_Amazon","run_12",1
"monocha_Amazon","run_13",1
"monocha_Amazon","run_14",1
"monocha_Amazon","run_15",1
"monocha_Amazon","run_16",1
"monocha_Amazon","run_17",0.9
"monocha_Amazon","run_18",1
"monocha_Amazon","run_19",1
"monocha_Amazon","run_20",1
"monocha_Amazon","run_21",0.916666666666667
"monocha_Amazon","run_22",1
"monocha_Amazon","run_23",1
"monocha_Amazon","run_24",1
"monocha_Amazon","run_25",0.875
"monocha_Amazon","run_26",1
"monocha_Amazon","run_27",1
"monocha_Amazon","run_28",1
"monocha_Amazon","run_29",0.75
"monocha_Amazon","run_30",1
"monocha_Amazon","run_31",1
"monocha_Amazon","run_32",1
"monocha_Amazon","run_33",0.733333333333333
"monocha_Amazon","run_34",1
"monocha_Amazon","run_35",1
"monocha_Amazon","run_36",1
"monocha_Amazon","run_37",1
"monocha_Amazon","run_38",1
"monocha_Amazon","run_39",1
"monocha_Amazon","run_40",1
"monocha_Amazon","run_41",0.875
"monocha_Amazon","run_42",1
"monocha_Amazon","run_43",1
"monocha_Amazon","run_44",1
"monocha_Amazon","run_45",1
"monocha_Amazon","run_46",1
"monocha_Amazon","run_47",1
"monocha_Amazon","run_48",1
"monocha_Amazon","run_49",1
"monocha_Amazon","run_50",0.875
"mutata_Andean","run_1",1
"mutata_Andean","run_2",0.9375
"mutata_Andean","run_3",0.87799043062201
"mutata_Andean","run_4",0.887218045112782
"mutata_Andean","run_5",0.9375
"mutata_Andean","run_6",0.966666666666667
"mutata_Andean","run_7",0.966666666666667
"mutata_Andean","run_8",0.887878787878788
"mutata_Andean","run_9",0.9
"mutata_Andean","run_10",1
"mutata_Andean","run_11",0.857142857142857
"mutata_Andean","run_12",0.88974358974359
"mutata_Andean","run_13",0.888888888888889
"mutata_Andean","run_14",0.9
"mutata_Andean","run_15",0.966666666666667
"mutata_Andean","run_16",0.892857142857143
"mutata_Andean","run_17",1
"mutata_Andean","run_18",0.95
"mutata_Andean","run_19",1
"mutata_Andean","run_20",0.84375
"mutata_Andean","run_21",0.923076923076923
"mutata_Andean","run_22",0.928571428571429
"mutata_Andean","run_23",0.966666666666667
"mutata_Andean","run_24",0.928571428571429
"mutata_Andean","run_25",0.863636363636364
"mutata_Andean","run_26",0.970588235294118
"mutata_Andean","run_27",0.961538461538462
"mutata_Andean","run_28",1
"mutata_Andean","run_29",0.927083333333333
"mutata_Andean","run_30",0.923076923076923
"mutata_Andean","run_31",0.95
"mutata_Andean","run_32",0.958333333333333
"mutata_Andean","run_33",1
"mutata_Andean","run_34",0.861111111111111
"mutata_Andean","run_35",0.916666666666667
"mutata_Andean","run_36",1
"mutata_Andean","run_37",1
"mutata_Andean","run_38",1
"mutata_Andean","run_39",1
"mutata_Andean","run_40",1
"mutata_Andean","run_41",0.888888888888889
"mutata_Andean","run_42",0.964285714285714
"mutata_Andean","run_43",1
"mutata_Andean","run_44",1
"mutata_Andean","run_45",0.970588235294118
"mutata_Andean","run_46",0.90625
"mutata_Andean","run_47",0.9375
"mutata_Andean","run_48",0.933333333333333
"mutata_Andean","run_49",0.966666666666667
"mutata_Andean","run_50",0.95
"naya_Pacific","run_1",0.98
"naya_Pacific","run_2",0.980769230769231
"naya_Pacific","run_3",0.979166666666667
"naya_Pacific","run_4",1
"naya_Pacific","run_5",1
"naya_Pacific","run_6",1
"naya_Pacific","run_7",0.976190476190476
"naya_Pacific","run_8",1
"naya_Pacific","run_9",1
"naya_Pacific","run_10",1
"naya_Pacific","run_11",0.973684210526316
"naya_Pacific","run_12",0.982371794871795
"naya_Pacific","run_13",0.964285714285714
"naya_Pacific","run_14",1
"naya_Pacific","run_15",1
"naya_Pacific","run_16",1
"naya_Pacific","run_17",0.978940217391304
"naya_Pacific","run_18",1
"naya_Pacific","run_19",1
"naya_Pacific","run_20",0.981481481481481
"naya_Pacific","run_21",1
"naya_Pacific","run_22",1
"naya_Pacific","run_23",0.975
"naya_Pacific","run_24",1
"naya_Pacific","run_25",1
"naya_Pacific","run_26",1
"naya_Pacific","run_27",1
"naya_Pacific","run_28",0.976190476190476
"naya_Pacific","run_29",1
"naya_Pacific","run_30",1
"naya_Pacific","run_31",1
"naya_Pacific","run_32",1
"naya_Pacific","run_33",0.941176470588235
"naya_Pacific","run_34",1
"naya_Pacific","run_35",1
"naya_Pacific","run_36",1
"naya_Pacific","run_37",1
"naya_Pacific","run_38",1
"naya_Pacific","run_39",0.979166666666667
"naya_Pacific","run_40",1
"naya_Pacific","run_41",1
"naya_Pacific","run_42",0.977272727272727
"naya_Pacific","run_43",0.983870967741935
"naya_Pacific","run_44",1
"naya_Pacific","run_45",0.980769230769231
"naya_Pacific","run_46",1
"naya_Pacific","run_47",1
"naya_Pacific","run_48",0.973684210526316
"naya_Pacific","run_49",0.930434782608696
"naya_Pacific","run_50",1
"otun_Andean","run_1",0.833333333333333
"otun_Andean","run_2",0.791666666666667
"otun_Andean","run_3",0.916666666666667
"otun_Andean","run_4",1
"otun_Andean","run_5",0.833333333333333
"otun_Andean","run_6",0.75
"otun_Andean","run_7",1
"otun_Andean","run_8",1
"otun_Andean","run_9",0.666666666666667
"otun_Andean","run_10",1
"otun_Andean","run_11",1
"otun_Andean","run_12",1
"otun_Andean","run_13",0.5
"otun_Andean","run_14",1
"otun_Andean","run_15",1
"otun_Andean","run_16",1
"otun_Andean","run_17",1
"otun_Andean","run_18",1
"otun_Andean","run_19",1
"otun_Andean","run_20",1
"otun_Andean","run_21",1
"otun_Andean","run_22",0.666666666666667
"otun_Andean","run_23",1
"otun_Andean","run_24",1
"otun_Andean","run_25",1
"otun_Andean","run_26",1
"otun_Andean","run_27",1
"otun_Andean","run_28",0.75
"otun_Andean","run_29",1
"otun_Andean","run_30",1
"otun_Andean","run_31",1
"otun_Andean","run_32",1
"otun_Andean","run_33",1
"otun_Andean","run_34",1
"otun_Andean","run_35",0.75
"otun_Andean","run_36",1
"otun_Andean","run_37",1
"otun_Andean","run_38",1
"otun_Andean","run_39",1
"otun_Andean","run_40",1
"otun_Andean","run_41",1
"otun_Andean","run_42",0.8
"otun_Andean","run_43",1
"otun_Andean","run_44",1
"otun_Andean","run_45",1
"otun_Andean","run_46",1
"otun_Andean","run_47",1
"otun_Andean","run_48",1
"otun_Andean","run_49",1
"otun_Andean","run_50",1
"palameku_Orinoco","run_1",0.91
"palameku_Orinoco","run_2",0.87
"palameku_Orinoco","run_3",0.947144075021313
"palameku_Orinoco","run_4",0.913461538461539
"palameku_Orinoco","run_5",0.927083333333333
"palameku_Orinoco","run_6",0.975609756097561
"palameku_Orinoco","run_7",0.833333333333333
"palameku_Orinoco","run_8",0.956140350877193
"palameku_Orinoco","run_9",0.923913043478261
"palameku_Orinoco","run_10",0.925816993464052
"palameku_Orinoco","run_11",0.930232558139535
"palameku_Orinoco","run_12",0.941176470588235
"palameku_Orinoco","run_13",0.92156862745098
"palameku_Orinoco","run_14",0.866346153846154
"palameku_Orinoco","run_15",0.936684969114619
"palameku_Orinoco","run_16",0.896271929824561
"palameku_Orinoco","run_17",0.941176470588235
"palameku_Orinoco","run_18",0.955555555555556
"palameku_Orinoco","run_19",0.948979591836735
"palameku_Orinoco","run_20",0.938775510204082
"palameku_Orinoco","run_21",0.885384615384615
"palameku_Orinoco","run_22",0.950617283950617
"palameku_Orinoco","run_23",0.914046121593291
"palameku_Orinoco","run_24",0.9
"palameku_Orinoco","run_25",0.923076923076923
"palameku_Orinoco","run_26",0.96875
"palameku_Orinoco","run_27",0.924396135265701
"palameku_Orinoco","run_28",0.916666666666667
"palameku_Orinoco","run_29",0.947916666666667
"palameku_Orinoco","run_30",0.872727272727273
"palameku_Orinoco","run_31",0.939897698209719
"palameku_Orinoco","run_32",0.863636363636364
"palameku_Orinoco","run_33",0.878048780487805
"palameku_Orinoco","run_34",0.958604651162791
"palameku_Orinoco","run_35",0.92156862745098
"palameku_Orinoco","run_36",0.951726844583987
"palameku_Orinoco","run_37",0.90625
"palameku_Orinoco","run_38",0.943181818181818
"palameku_Orinoco","run_39",0.925768321513002
"palameku_Orinoco","run_40",0.878048780487805
"palameku_Orinoco","run_41",0.927272727272727
"palameku_Orinoco","run_42",0.925
"palameku_Orinoco","run_43",0.95
"palameku_Orinoco","run_44",0.876748251748252
"palameku_Orinoco","run_45",0.979166666666667
"palameku_Orinoco","run_46",0.941860465116279
"palameku_Orinoco","run_47",0.902173913043478
"palameku_Orinoco","run_48",0.956521739130435
"palameku_Orinoco","run_49",0.977272727272727
"palameku_Orinoco","run_50",0.925
"pari-rgyrn_Amazon","run_1",1
"pari-rgyrn_Amazon","run_2",1
"pari-rgyrn_Amazon","run_3",0.952380952380952
"pari-rgyrn_Amazon","run_4",0.933284457478006
"pari-rgyrn_Amazon","run_5",0.973484848484849
"pari-rgyrn_Amazon","run_6",0.925295857988166
"pari-rgyrn_Amazon","run_7",0.977272727272727
"pari-rgyrn_Amazon","run_8",0.911764705882353
"pari-rgyrn_Amazon","run_9",0.98
"pari-rgyrn_Amazon","run_10",0.975925925925926
"pari-rgyrn_Amazon","run_11",0.958260869565217
"pari-rgyrn_Amazon","run_12",1
"pari-rgyrn_Amazon","run_13",0.976315789473684
"pari-rgyrn_Amazon","run_14",0.9232
"pari-rgyrn_Amazon","run_15",0.898989898989899
"pari-rgyrn_Amazon","run_16",0.939285714285714
"pari-rgyrn_Amazon","run_17",0.92
"pari-rgyrn_Amazon","run_18",0.921875
"pari-rgyrn_Amazon","run_19",0.977142857142857
"pari-rgyrn_Amazon","run_20",0.961538461538462
"pari-rgyrn_Amazon","run_21",0.961428571428571
"pari-rgyrn_Amazon","run_22",0.979166666666667
"pari-rgyrn_Amazon","run_23",1
"pari-rgyrn_Amazon","run_24",0.958498023715415
"pari-rgyrn_Amazon","run_25",0.962962962962963
"pari-rgyrn_Amazon","run_26",0.845679012345679
"pari-rgyrn_Amazon","run_27",0.973684210526316
"pari-rgyrn_Amazon","run_28",0.981481481481481
"pari-rgyrn_Amazon","run_29",0.958333333333333
"pari-rgyrn_Amazon","run_30",0.956521739130435
"pari-rgyrn_Amazon","run_31",0.935483870967742
"pari-rgyrn_Amazon","run_32",1
"pari-rgyrn_Amazon","run_33",0.981481481481481
"pari-rgyrn_Amazon","run_34",0.958333333333333
"pari-rgyrn_Amazon","run_35",0.979895104895105
"pari-rgyrn_Amazon","run_36",0.944444444444444
"pari-rgyrn_Amazon","run_37",0.96551724137931
"pari-rgyrn_Amazon","run_38",0.978962131837307
"pari-rgyrn_Amazon","run_39",0.954166666666667
"pari-rgyrn_Amazon","run_40",0.895186335403727
"pari-rgyrn_Amazon","run_41",0.981481481481481
"pari-rgyrn_Amazon","run_42",0.915879017013232
"pari-rgyrn_Amazon","run_43",0.941919191919192
"pari-rgyrn_Amazon","run_44",0.958260869565217
"pari-rgyrn_Amazon","run_45",0.958553791887125
"pari-rgyrn_Amazon","run_46",0.980769230769231
"pari-rgyrn_Amazon","run_47",0.94
"pari-rgyrn_Amazon","run_48",0.976190476190476
"pari-rgyrn_Amazon","run_49",1
"pari-rgyrn_Amazon","run_50",0.974206349206349
"pari-vp1_Amazon","run_1",0.875
"pari-vp1_Amazon","run_2",0.63265306122449
"pari-vp1_Amazon","run_3",0.75
"pari-vp1_Amazon","run_4",0.844444444444444
"pari-vp1_Amazon","run_5",0.7
"pari-vp1_Amazon","run_6",0.428571428571429
"pari-vp1_Amazon","run_7",0.857142857142857
"pari-vp1_Amazon","run_8",0.8
"pari-vp1_Amazon","run_9",1
"pari-vp1_Amazon","run_10",0.75
"pari-vp1_Amazon","run_11",0.930555555555556
"pari-vp1_Amazon","run_12",1
"pari-vp1_Amazon","run_13",1
"pari-vp1_Amazon","run_14",1
"pari-vp1_Amazon","run_15",0.833333333333333
"pari-vp1_Amazon","run_16",1
"pari-vp1_Amazon","run_17",0.875
"pari-vp1_Amazon","run_18",1
"pari-vp1_Amazon","run_19",0.72
"pari-vp1_Amazon","run_20",1
"pari-vp1_Amazon","run_21",1
"pari-vp1_Amazon","run_22",1
"pari-vp1_Amazon","run_23",0.785714285714286
"pari-vp1_Amazon","run_24",1
"pari-vp1_Amazon","run_25",0.6
"pari-vp1_Amazon","run_26",0.875
"pari-vp1_Amazon","run_27",0.666666666666667
"pari-vp1_Amazon","run_28",0.9
"pari-vp1_Amazon","run_29",1
"pari-vp1_Amazon","run_30",0.791666666666667
"pari-vp1_Amazon","run_31",0.892857142857143
"pari-vp1_Amazon","run_32",1
"pari-vp1_Amazon","run_33",0.635416666666667
"pari-vp1_Amazon","run_34",0.696428571428571
"pari-vp1_Amazon","run_35",0.8
"pari-vp1_Amazon","run_36",0.9
"pari-vp1_Amazon","run_37",0.725
"pari-vp1_Amazon","run_38",0.8125
"pari-vp1_Amazon","run_39",0.828571428571429
"pari-vp1_Amazon","run_40",0.866666666666667
"pari-vp1_Amazon","run_41",0.95
"pari-vp1_Amazon","run_42",0.954545454545455
"pari-vp1_Amazon","run_43",0.65625
"pari-vp1_Amazon","run_44",0.897727272727273
"pari-vp1_Amazon","run_45",0.8
"pari-vp1_Amazon","run_46",0.875
"pari-vp1_Amazon","run_47",1
"pari-vp1_Amazon","run_48",1
"pari-vp1_Amazon","run_49",1
"pari-vp1_Amazon","run_50",0.7
"peliwaisi_Amazon","run_1",0.9
"peliwaisi_Amazon","run_2",0.666666666666667
"peliwaisi_Amazon","run_3",0.75
"peliwaisi_Amazon","run_4",0.75
"peliwaisi_Amazon","run_5",0.733333333333333
"peliwaisi_Amazon","run_6",0.5
"peliwaisi_Amazon","run_7",0.6
"peliwaisi_Amazon","run_8",1
"peliwaisi_Amazon","run_9",0.75
"peliwaisi_Amazon","run_10",1
"peliwaisi_Amazon","run_11",1
"peliwaisi_Amazon","run_12",0.5
"peliwaisi_Amazon","run_13",1
"peliwaisi_Amazon","run_14",1
"peliwaisi_Amazon","run_15",0.666666666666667
"peliwaisi_Amazon","run_16",0.6
"peliwaisi_Amazon","run_17",0.666666666666667
"peliwaisi_Amazon","run_18",1
"peliwaisi_Amazon","run_19",1
"peliwaisi_Amazon","run_20",0.75
"peliwaisi_Amazon","run_21",0.5
"peliwaisi_Amazon","run_22",0.583333333333333
"peliwaisi_Amazon","run_23",1
"peliwaisi_Amazon","run_24",0.5
"peliwaisi_Amazon","run_25",1
"peliwaisi_Amazon","run_26",1
"peliwaisi_Amazon","run_27",0.625
"peliwaisi_Amazon","run_28",1
"peliwaisi_Amazon","run_29",0.75
"peliwaisi_Amazon","run_30",0.666666666666667
"peliwaisi_Amazon","run_31",0.75
"peliwaisi_Amazon","run_32",0.666666666666667
"peliwaisi_Amazon","run_33",0.75
"peliwaisi_Amazon","run_34",1
"peliwaisi_Amazon","run_35",0.875
"peliwaisi_Amazon","run_36",1
"peliwaisi_Amazon","run_37",1
"peliwaisi_Amazon","run_38",0.5
"peliwaisi_Amazon","run_39",0.75
"peliwaisi_Amazon","run_40",0.6
"peliwaisi_Amazon","run_41",0.666666666666667
"peliwaisi_Amazon","run_42",0.916666666666667
"peliwaisi_Amazon","run_43",0.555555555555555
"peliwaisi_Amazon","run_44",0.666666666666667
"peliwaisi_Amazon","run_45",0.75
"peliwaisi_Amazon","run_46",1
"peliwaisi_Amazon","run_47",0.8
"peliwaisi_Amazon","run_48",0.875
"peliwaisi_Amazon","run_49",0.875
"peliwaisi_Amazon","run_50",1
"predio-putumayo_Amazon","run_1",0.85
"predio-putumayo_Amazon","run_2",0.692307692307692
"predio-putumayo_Amazon","run_3",0.966666666666667
"predio-putumayo_Amazon","run_4",0.875
"predio-putumayo_Amazon","run_5",0.7
"predio-putumayo_Amazon","run_6",0.625
"predio-putumayo_Amazon","run_7",0.85
"predio-putumayo_Amazon","run_8",0.75
"predio-putumayo_Amazon","run_9",1
"predio-putumayo_Amazon","run_10",1
"predio-putumayo_Amazon","run_11",0.85
"predio-putumayo_Amazon","run_12",0.625
"predio-putumayo_Amazon","run_13",0.785714285714286
"predio-putumayo_Amazon","run_14",0.6
"predio-putumayo_Amazon","run_15",0.825
"predio-putumayo_Amazon","run_16",1
"predio-putumayo_Amazon","run_17",0.95
"predio-putumayo_Amazon","run_18",0.9375
"predio-putumayo_Amazon","run_19",0.666666666666667
"predio-putumayo_Amazon","run_20",0.7
"predio-putumayo_Amazon","run_21",0.857142857142857
"predio-putumayo_Amazon","run_22",0.642857142857143
"predio-putumayo_Amazon","run_23",0.875
"predio-putumayo_Amazon","run_24",0.870629370629371
"predio-putumayo_Amazon","run_25",0.714285714285714
"predio-putumayo_Amazon","run_26",0.75
"predio-putumayo_Amazon","run_27",0.534375
"predio-putumayo_Amazon","run_28",0.9
"predio-putumayo_Amazon","run_29",0.870833333333333
"predio-putumayo_Amazon","run_30",0.826388888888889
"predio-putumayo_Amazon","run_31",0.75
"predio-putumayo_Amazon","run_32",0.884615384615385
"predio-putumayo_Amazon","run_33",0.6
"predio-putumayo_Amazon","run_34",0.821428571428571
"predio-putumayo_Amazon","run_35",0.6
"predio-putumayo_Amazon","run_36",0.807692307692308
"predio-putumayo_Amazon","run_37",0.576923076923077
"predio-putumayo_Amazon","run_38",0.833333333333333
"predio-putumayo_Amazon","run_39",0.9375
"predio-putumayo_Amazon","run_40",0.8
"predio-putumayo_Amazon","run_41",0.692307692307692
"predio-putumayo_Amazon","run_42",0.5
"predio-putumayo_Amazon","run_43",0.6875
"predio-putumayo_Amazon","run_44",0.928571428571429
"predio-putumayo_Amazon","run_45",0.666666666666667
"predio-putumayo_Amazon","run_46",0.625
"predio-putumayo_Amazon","run_47",0.703125
"predio-putumayo_Amazon","run_48",0.572727272727273
"predio-putumayo_Amazon","run_49",0.863636363636364
"predio-putumayo_Amazon","run_50",0.821428571428571
"siviru_Pacific","run_1",1
"siviru_Pacific","run_2",0.888888888888889
"siviru_Pacific","run_3",1
"siviru_Pacific","run_4",1
"siviru_Pacific","run_5",0.5
"siviru_Pacific","run_6",0.875
"siviru_Pacific","run_7",0.888888888888889
"siviru_Pacific","run_8",1
"siviru_Pacific","run_9",1
"siviru_Pacific","run_10",0.7
"siviru_Pacific","run_11",1
"siviru_Pacific","run_12",1
"siviru_Pacific","run_13",1
"siviru_Pacific","run_14",0.888888888888889
"siviru_Pacific","run_15",1
"siviru_Pacific","run_16",1
"siviru_Pacific","run_17",1
"siviru_Pacific","run_18",1
"siviru_Pacific","run_19",1
"siviru_Pacific","run_20",0.714285714285714
"siviru_Pacific","run_21",0.873015873015873
"siviru_Pacific","run_22",0.814285714285714
"siviru_Pacific","run_23",0.928571428571429
"siviru_Pacific","run_24",1
"siviru_Pacific","run_25",0.875
"siviru_Pacific","run_26",1
"siviru_Pacific","run_27",0.666666666666667
"siviru_Pacific","run_28",1
"siviru_Pacific","run_29",1
"siviru_Pacific","run_30",1
"siviru_Pacific","run_31",1
"siviru_Pacific","run_32",0.772727272727273
"siviru_Pacific","run_33",1
"siviru_Pacific","run_34",1
"siviru_Pacific","run_35",0.909090909090909
"siviru_Pacific","run_36",0.785714285714286
"siviru_Pacific","run_37",0.961538461538462
"siviru_Pacific","run_38",0.9
"siviru_Pacific","run_39",1
"siviru_Pacific","run_40",1
"siviru_Pacific","run_41",0.857142857142857
"siviru_Pacific","run_42",1
"siviru_Pacific","run_43",1
"siviru_Pacific","run_44",1
"siviru_Pacific","run_45",0.928571428571429
"siviru_Pacific","run_46",0.928571428571429
"siviru_Pacific","run_47",1
"siviru_Pacific","run_48",0.833333333333333
"siviru_Pacific","run_49",1
"siviru_Pacific","run_50",1
"tangara_Pacific","run_1",1
"tangara_Pacific","run_2",1
"tangara_Pacific","run_3",0.5
"tangara_Pacific","run_4",0.833333333333333
"tangara_Pacific","run_5",1
"tangara_Pacific","run_6",1
"tangara_Pacific","run_7",1
"tangara_Pacific","run_8",1
"tangara_Pacific","run_9",1
"tangara_Pacific","run_10",1
"tangara_Pacific","run_11",1
"tangara_Pacific","run_12",1
"tangara_Pacific","run_13",0.5
"tangara_Pacific","run_14",0.416666666666667
"tangara_Pacific","run_15",1
"tangara_Pacific","run_16",1
"tangara_Pacific","run_17",0.666666666666667
"tangara_Pacific","run_18",0.75
"tangara_Pacific","run_19",1
"tangara_Pacific","run_20",0.5
"tangara_Pacific","run_21",0.5
"tangara_Pacific","run_22",1
"tangara_Pacific","run_23",1
"tangara_Pacific","run_24",1
"tangara_Pacific","run_25",1
"tangara_Pacific","run_26",1
"tangara_Pacific","run_27",0.666666666666667
"tangara_Pacific","run_28",1
"tangara_Pacific","run_29",0.666666666666667
"tangara_Pacific","run_30",1
"tangara_Pacific","run_31",1
"tangara_Pacific","run_32",1
"tangara_Pacific","run_33",1
"tangara_Pacific","run_34",1
"tangara_Pacific","run_35",1
"tangara_Pacific","run_36",1
"tangara_Pacific","run_37",1
"tangara_Pacific","run_38",1
"tangara_Pacific","run_39",1
"tangara_Pacific","run_40",1
"tangara_Pacific","run_41",1
"tangara_Pacific","run_42",1
"tangara_Pacific","run_43",1
"tangara_Pacific","run_44",1
"tangara_Pacific","run_45",0.333333333333333
"tangara_Pacific","run_46",1
"tangara_Pacific","run_47",0.75
"tangara_Pacific","run_48",0.833333333333333
"tangara_Pacific","run_49",0.666666666666667
"tangara_Pacific","run_50",0.875
"yaawi-iipana_Amazon","run_1",1
"yaawi-iipana_Amazon","run_2",1
"yaawi-iipana_Amazon","run_3",0.75
"yaawi-iipana_Amazon","run_4",0.75
"yaawi-iipana_Amazon","run_5",0.666666666666667
"yaawi-iipana_Amazon","run_6",1
"yaawi-iipana_Amazon","run_7",1
"yaawi-iipana_Amazon","run_8",1
"yaawi-iipana_Amazon","run_9",1
"yaawi-iipana_Amazon","run_10",1
"yaawi-iipana_Amazon","run_11",1
"yaawi-iipana_Amazon","run_12",1
"yaawi-iipana_Amazon","run_13",1
"yaawi-iipana_Amazon","run_14",1
"yaawi-iipana_Amazon","run_15",1
"yaawi-iipana_Amazon","run_16",1
"yaawi-iipana_Amazon","run_17",1
"yaawi-iipana_Amazon","run_18",1
"yaawi-iipana_Amazon","run_19",1
"yaawi-iipana_Amazon","run_20",0.5
"yaawi-iipana_Amazon","run_21",1
"yaawi-iipana_Amazon","run_22",1
"yaawi-iipana_Amazon","run_23",0.5
"yaawi-iipana_Amazon","run_24",0.666666666666667
"yaawi-iipana_Amazon","run_25",1
"yaawi-iipana_Amazon","run_26",1
"yaawi-iipana_Amazon","run_27",0.666666666666667
"yaawi-iipana_Amazon","run_28",1
"yaawi-iipana_Amazon","run_29",0.5
"yaawi-iipana_Amazon","run_30",0.625
"yaawi-iipana_Amazon","run_31",1
"yaawi-iipana_Amazon","run_32",1
"yaawi-iipana_Amazon","run_33",1
"yaawi-iipana_Amazon","run_34",1
"yaawi-iipana_Amazon","run_35",0.5
"yaawi-iipana_Amazon","run_36",0.5
"yaawi-iipana_Amazon","run_37",0.666666666666667
"yaawi-iipana_Amazon","run_38",1
"yaawi-iipana_Amazon","run_39",1
"yaawi-iipana_Amazon","run_40",1
"yaawi-iipana_Amazon","run_41",1
"yaawi-iipana_Amazon","run_42",0.75
"yaawi-iipana_Amazon","run_43",1
"yaawi-iipana_Amazon","run_44",1
"yaawi-iipana_Amazon","run_45",1
"yaawi-iipana_Amazon","run_46",1
"yaawi-iipana_Amazon","run_47",1
"yaawi-iipana_Amazon","run_48",1
"yaawi-iipana_Amazon","run_49",0.5
"yaawi-iipana_Amazon","run_50",1
"yutucu_Amazon","run_1",1
"yutucu_Amazon","run_2",1
"yutucu_Amazon","run_3",1
"yutucu_Amazon","run_4",1
"yutucu_Amazon","run_5",0.5
"yutucu_Amazon","run_6",0.6875
"yutucu_Amazon","run_7",1
"yutucu_Amazon","run_8",1
"yutucu_Amazon","run_9",0.666666666666667
"yutucu_Amazon","run_10",1
"yutucu_Amazon","run_11",1
"yutucu_Amazon","run_12",1
"yutucu_Amazon","run_13",0.5
"yutucu_Amazon","run_14",1
"yutucu_Amazon","run_15",1
"yutucu_Amazon","run_16",1
"yutucu_Amazon","run_17",1
"yutucu_Amazon","run_18",0.666666666666667
"yutucu_Amazon","run_19",1
"yutucu_Amazon","run_20",1
"yutucu_Amazon","run_21",1
"yutucu_Amazon","run_22",1
"yutucu_Amazon","run_23",1
"yutucu_Amazon","run_24",1
"yutucu_Amazon","run_25",1
"yutucu_Amazon","run_26",1
"yutucu_Amazon","run_27",1
"yutucu_Amazon","run_28",1
"yutucu_Amazon","run_29",1
"yutucu_Amazon","run_30",1
"yutucu_Amazon","run_31",1
"yutucu_Amazon","run_32",1
"yutucu_Amazon","run_33",1
"yutucu_Amazon","run_34",1
"yutucu_Amazon","run_35",1
"yutucu_Amazon","run_36",0.916666666666667
"yutucu_Amazon","run_37",1
"yutucu_Amazon","run_38",0.5
"yutucu_Amazon","run_39",1
"yutucu_Amazon","run_40",1
"yutucu_Amazon","run_41",1
"yutucu_Amazon","run_42",1
"yutucu_Amazon","run_43",1
"yutucu_Amazon","run_44",1
"yutucu_Amazon","run_45",0.5
"yutucu_Amazon","run_46",0.5
"yutucu_Amazon","run_47",1
"yutucu_Amazon","run_48",1
"yutucu_Amazon","run_49",0.75
"yutucu_Amazon","run_50",0.8
"zabalo_Amazon","run_1",1
"zabalo_Amazon","run_2",1
"zabalo_Amazon","run_3",0.833333333333333
"zabalo_Amazon","run_4",1
"zabalo_Amazon","run_5",1
"zabalo_Amazon","run_6",1
"zabalo_Amazon","run_7",1
"zabalo_Amazon","run_8",1
"zabalo_Amazon","run_9",1
"zabalo_Amazon","run_10",1
"zabalo_Amazon","run_11",1
"zabalo_Amazon","run_12",1
"zabalo_Amazon","run_13",1
"zabalo_Amazon","run_14",1
"zabalo_Amazon","run_15",0.875
"zabalo_Amazon","run_16",1
"zabalo_Amazon","run_17",0.8
"zabalo_Amazon","run_18",0.9
"zabalo_Amazon","run_19",1
"zabalo_Amazon","run_20",1
"zabalo_Amazon","run_21",1
"zabalo_Amazon","run_22",1
"zabalo_Amazon","run_23",1
"zabalo_Amazon","run_24",0.75
"zabalo_Amazon","run_25",1
"zabalo_Amazon","run_26",1
"zabalo_Amazon","run_27",1
"zabalo_Amazon","run_28",0.875
"zabalo_Amazon","run_29",1
"zabalo_Amazon","run_30",1
"zabalo_Amazon","run_31",0.9
"zabalo_Amazon","run_32",1
"zabalo_Amazon","run_33",0.875
"zabalo_Amazon","run_34",1
"zabalo_Amazon","run_35",1
"zabalo_Amazon","run_36",1
"zabalo_Amazon","run_37",0.833333333333333
"zabalo_Amazon","run_38",0.666666666666667
"zabalo_Amazon","run_39",1
"zabalo_Amazon","run_40",1
"zabalo_Amazon","run_41",1
"zabalo_Amazon","run_42",1
"zabalo_Amazon","run_43",0.833333333333333
"zabalo_Amazon","run_44",1
"zabalo_Amazon","run_45",1
"zabalo_Amazon","run_46",1
"zabalo_Amazon","run_47",1
"zabalo_Amazon","run_48",1
"zabalo_Amazon","run_49",1
"zabalo_Amazon","run_50",1
